[{"date":"2017-10-23","open":156.89,"high":157.69,"low":155.5,"close":156.17,"volume":21984327,"unadjustedVolume":21984327,"change":-0.08,"changePercent":-0.051,"vwap":156.5679,"label":"Oct 23","changeOverTime":0},{"date":"2017-10-24","open":156.29,"high":157.42,"low":156.2,"close":157.1,"volume":17757230,"unadjustedVolume":17757230,"change":0.93,"changePercent":0.596,"vwap":156.9346,"label":"Oct 24","changeOverTime":0.005955048985080405},{"date":"2017-10-25","open":156.91,"high":157.55,"low":155.27,"close":156.41,"volume":21207098,"unadjustedVolume":21207098,"change":-0.69,"changePercent":-0.439,"vwap":156.3618,"label":"Oct 25","changeOverTime":0.0015367868348595065},{"date":"2017-10-26","open":157.23,"high":157.8295,"low":156.78,"close":157.41,"volume":17000469,"unadjustedVolume":17000469,"change":1,"changePercent":0.639,"vwap":157.4438,"label":"Oct 26","changeOverTime":0.00794006531344054},{"date":"2017-10-27","open":159.29,"high":163.6,"low":158.7,"close":163.05,"volume":44454160,"unadjustedVolume":44454160,"change":5.64,"changePercent":3.583,"vwap":161.6996,"label":"Oct 27","changeOverTime":0.044054555932637664},{"date":"2017-10-30","open":163.89,"high":168.07,"low":163.72,"close":166.72,"volume":44700772,"unadjustedVolume":44700772,"change":3.67,"changePercent":2.251,"vwap":166.4258,"label":"Oct 30","changeOverTime":0.06755458794902998},{"date":"2017-10-31","open":167.9,"high":169.6499,"low":166.94,"close":169.04,"volume":36046828,"unadjustedVolume":36046828,"change":2.32,"changePercent":1.392,"vwap":168.58,"label":"Oct 31","changeOverTime":0.08241019401933794},{"date":"2017-11-01","open":169.87,"high":169.94,"low":165.61,"close":166.89,"volume":33637762,"unadjustedVolume":33637762,"change":-2.15,"changePercent":-1.272,"vwap":167.1573,"label":"Nov 1","changeOverTime":0.06864314529038867},{"date":"2017-11-02","open":167.64,"high":168.5,"low":165.28,"close":168.11,"volume":41393373,"unadjustedVolume":41393373,"change":1.22,"changePercent":0.731,"vwap":167.326,"label":"Nov 2","changeOverTime":0.07645514503425771},{"date":"2017-11-03","open":174,"high":174.26,"low":171.12,"close":172.5,"volume":59398631,"unadjustedVolume":59398631,"change":4.39,"changePercent":2.611,"vwap":172.5889,"label":"Nov 3","changeOverTime":0.10456553755522836},{"date":"2017-11-06","open":172.365,"high":174.99,"low":171.72,"close":174.25,"volume":35026306,"unadjustedVolume":35026306,"change":1.75,"changePercent":1.014,"vwap":173.9751,"label":"Nov 6","changeOverTime":0.11577127489274518},{"date":"2017-11-07","open":173.91,"high":175.25,"low":173.6,"close":174.81,"volume":24361485,"unadjustedVolume":24361485,"change":0.56,"changePercent":0.321,"vwap":174.6072,"label":"Nov 7","changeOverTime":0.11935711084075057},{"date":"2017-11-08","open":174.66,"high":176.24,"low":174.33,"close":176.24,"volume":24409527,"unadjustedVolume":24409527,"change":1.43,"changePercent":0.818,"vwap":175.4364,"label":"Nov 8","changeOverTime":0.1285137990651215},{"date":"2017-11-09","open":175.11,"high":176.095,"low":173.14,"close":175.88,"volume":29185668,"unadjustedVolume":29185668,"change":-0.36,"changePercent":-0.204,"vwap":175.0419,"label":"Nov 9","changeOverTime":0.12620861881283224},{"date":"2017-11-10","open":175.11,"high":175.38,"low":174.27,"close":174.67,"volume":25145500,"unadjustedVolume":25145500,"change":-1.21,"changePercent":-0.688,"vwap":174.8423,"label":"Nov 10","changeOverTime":0.11846065185374913},{"date":"2017-11-13","open":173.5,"high":174.5,"low":173.4,"close":173.97,"volume":16982080,"unadjustedVolume":16982080,"change":-0.7,"changePercent":-0.401,"vwap":174.0077,"label":"Nov 13","changeOverTime":0.11397835691874247},{"date":"2017-11-14","open":173.04,"high":173.48,"low":171.18,"close":171.34,"volume":24782487,"unadjustedVolume":24782487,"change":-2.63,"changePercent":-1.512,"vwap":172.2554,"label":"Nov 14","changeOverTime":0.09713773452007439},{"date":"2017-11-15","open":169.97,"high":170.3197,"low":168.38,"close":169.08,"volume":29158070,"unadjustedVolume":29158070,"change":-2.26,"changePercent":-1.319,"vwap":169.3248,"label":"Nov 15","changeOverTime":0.08266632515848131},{"date":"2017-11-16","open":171.18,"high":171.87,"low":170.3,"close":171.1,"volume":23637484,"unadjustedVolume":23637484,"change":2.02,"changePercent":1.195,"vwap":171.1673,"label":"Nov 16","changeOverTime":0.09560094768521488},{"date":"2017-11-17","open":171.04,"high":171.39,"low":169.64,"close":170.15,"volume":21899544,"unadjustedVolume":21899544,"change":-0.95,"changePercent":-0.555,"vwap":170.3711,"label":"Nov 17","changeOverTime":0.08951783313056297},{"date":"2017-11-20","open":170.29,"high":170.56,"low":169.56,"close":169.98,"volume":16262447,"unadjustedVolume":16262447,"change":-0.17,"changePercent":-0.1,"vwap":169.9886,"label":"Nov 20","changeOverTime":0.08842927578920409},{"date":"2017-11-21","open":170.78,"high":173.7,"low":170.78,"close":173.14,"volume":25131295,"unadjustedVolume":25131295,"change":3.16,"changePercent":1.859,"vwap":172.908,"label":"Nov 21","changeOverTime":0.10866363578152013},{"date":"2017-11-22","open":173.36,"high":175,"low":173.05,"close":174.96,"volume":25588925,"unadjustedVolume":25588925,"change":1.82,"changePercent":1.051,"vwap":174.2508,"label":"Nov 22","changeOverTime":0.12031760261253777}]