[{"name":"Faisal","surname":"Khan","gender":"male","region":"Bangladesh","age":33,"title":"mr","phone":"(195) 170 5838","birthday":{"dmy":"04\/01\/1984","mdy":"01\/04\/1984","raw":442094777},"email":"faisal_khan@example.com","password":"Khan84_#","credit_card":{"expiration":"9\/18","number":"4187-3871-5484-1549","pin":2879,"security":774},"photo":"assets\/images\/avatars\/male\/41.jpg"},{"name":"Ιπποκράτης","surname":"Βάμβας","gender":"male","region":"Greece","age":23,"title":"mr","phone":"(504) 424 8294","birthday":{"dmy":"04\/12\/1994","mdy":"12\/04\/1994","raw":786586274},"email":"Ιπποκράτης94@example.com","password":"Βάμβας94*^","credit_card":{"expiration":"8\/24","number":"5119-4839-2723-6489","pin":2374,"security":971},"photo":"assets\/images\/avatars\/male\/28.jpg"},{"name":"Κίμων","surname":"Λαιμός","gender":"male","region":"Greece","age":23,"title":"mr","phone":"(104) 646 6317","birthday":{"dmy":"29\/09\/1994","mdy":"09\/29\/1994","raw":780896881},"email":"Κίμων94@example.com","password":"Λαιμός94^{","credit_card":{"expiration":"2\/23","number":"9643-8984-7602-6273","pin":3637,"security":503},"photo":"assets\/images\/avatars\/male\/26.jpg"},{"name":"Astrid","surname":"Edeleanu","gender":"female","region":"Romania","age":30,"title":"mrs","phone":"(336) 202 8222","birthday":{"dmy":"06\/02\/1987","mdy":"02\/06\/1987","raw":539589276},"email":"astrid-87@example.com","password":"Edeleanu87))","credit_card":{"expiration":"6\/25","number":"1810-1318-3975-5175","pin":4516,"security":879},"photo":"assets\/images\/avatars\/female\/9.jpg"},{"name":"Johann","surname":"Kühn","gender":"male","region":"Germany","age":32,"title":"mr","phone":"(426) 535 5053","birthday":{"dmy":"11\/04\/1985","mdy":"04\/11\/1985","raw":482118347},"email":"johann-kühn@example.com","password":"Kühn85${","credit_card":{"expiration":"5\/22","number":"7059-4469-5299-8051","pin":3175,"security":538},"photo":"assets\/images\/avatars\/male\/2.jpg"},{"name":"Brigita","surname":"Roháček","gender":"female","region":"Slovakia","age":27,"title":"ms","phone":"(803) 900 1526","birthday":{"dmy":"20\/08\/1990","mdy":"08\/20\/1990","raw":651144953},"email":"brigita90@example.com","password":"Roháček90#{","credit_card":{"expiration":"8\/23","number":"8877-5140-5940-8605","pin":4515,"security":222},"photo":"assets\/images\/avatars\/female\/6.jpg"},{"name":"Ευμένης","surname":"Λειβαδάς","gender":"male","region":"Greece","age":25,"title":"mr","phone":"(652) 319 5169","birthday":{"dmy":"16\/09\/1992","mdy":"09\/16\/1992","raw":716658116},"email":"Ευμένης_92@example.com","password":"Λειβαδάς92#{","credit_card":{"expiration":"10\/25","number":"4751-5890-6728-7732","pin":8698,"security":935},"photo":"assets\/images\/avatars\/male\/6.jpg"},{"name":"Otilia","surname":"Trașcă","gender":"female","region":"Romania","age":28,"title":"ms","phone":"(971) 209 8767","birthday":{"dmy":"12\/10\/1989","mdy":"10\/12\/1989","raw":624238505},"email":"otilia_89@example.com","password":"Trașcă89!)","credit_card":{"expiration":"5\/18","number":"8372-4000-5509-3258","pin":9056,"security":916},"photo":"assets\/images\/avatars\/female\/12.jpg"},{"name":"Capucine","surname":"Brunet","gender":"female","region":"France","age":21,"title":"ms","phone":"(828) 732 5276","birthday":{"dmy":"30\/05\/1996","mdy":"05\/30\/1996","raw":833485793},"email":"capucine-96@example.com","password":"Brunet96~^","credit_card":{"expiration":"9\/23","number":"1766-5126-8272-7023","pin":3538,"security":607},"photo":"assets\/images\/avatars\/female\/26.jpg"},{"name":"Samuel","surname":"Bernard","gender":"male","region":"France","age":31,"title":"mr","phone":"(471) 107 1815","birthday":{"dmy":"11\/01\/1986","mdy":"01\/11\/1986","raw":505871757},"email":"samuel_86@example.com","password":"Bernard86^}","credit_card":{"expiration":"5\/21","number":"5706-8213-8343-9443","pin":5134,"security":513},"photo":"assets\/images\/avatars\/male\/39.jpg"},{"name":"Zenobia","surname":"Becheru","gender":"female","region":"Romania","age":26,"title":"ms","phone":"(311) 349 1893","birthday":{"dmy":"28\/08\/1991","mdy":"08\/28\/1991","raw":683373635},"email":"zenobia91@example.com","password":"Becheru91#$","credit_card":{"expiration":"3\/24","number":"8882-2148-8873-2176","pin":4652,"security":501},"photo":"assets\/images\/avatars\/female\/9.jpg"},{"name":"임","surname":"성민","gender":"male","region":"Korea","age":34,"title":"mr","phone":"(487) 636 9365","birthday":{"dmy":"29\/06\/1983","mdy":"06\/29\/1983","raw":425708491},"email":"임성민@example.com","password":"성민83={","credit_card":{"expiration":"12\/20","number":"3292-4128-8930-6152","pin":1908,"security":537},"photo":"assets\/images\/avatars\/male\/38.jpg"},{"name":"Antim","surname":"Avramescu","gender":"male","region":"Romania","age":35,"title":"mr","phone":"(956) 343 5322","birthday":{"dmy":"08\/03\/1982","mdy":"03\/08\/1982","raw":384467331},"email":"antim82@example.com","password":"Avramescu82@","credit_card":{"expiration":"4\/21","number":"9482-2803-2005-8822","pin":3309,"security":423},"photo":"assets\/images\/avatars\/male\/37.jpg"},{"name":"Elena","surname":"Mihăiță","gender":"female","region":"Romania","age":34,"title":"ms","phone":"(549) 857 4785","birthday":{"dmy":"06\/03\/1983","mdy":"03\/06\/1983","raw":415859761},"email":"elena83@example.com","password":"Mihăiță83#~","credit_card":{"expiration":"9\/21","number":"2798-9020-9945-1630","pin":2098,"security":380},"photo":"assets\/images\/avatars\/female\/15.jpg"},{"name":"Lisa","surname":"Wolf","gender":"female","region":"Germany","age":35,"title":"mrs","phone":"(231) 878 8084","birthday":{"dmy":"31\/08\/1982","mdy":"08\/31\/1982","raw":399692325},"email":"lisa_wolf@example.com","password":"Wolf82$~","credit_card":{"expiration":"11\/24","number":"3482-5526-8409-2521","pin":1446,"security":607},"photo":"assets\/images\/avatars\/female\/17.jpg"},{"name":"Θρασύβουλος","surname":"Δραγούμης","gender":"male","region":"Greece","age":29,"title":"mr","phone":"(903) 693 5765","birthday":{"dmy":"29\/06\/1988","mdy":"06\/29\/1988","raw":583561062},"email":"Θρασύβουλος-88@example.com","password":"Δραγούμης88+=","credit_card":{"expiration":"2\/19","number":"4571-5497-9385-3487","pin":6015,"security":497},"photo":"assets\/images\/avatars\/male\/38.jpg"},{"name":"Lucrețiu","surname":"Jebeleanu","gender":"male","region":"Romania","age":34,"title":"mr","phone":"(992) 787 4219","birthday":{"dmy":"06\/06\/1983","mdy":"06\/06\/1983","raw":423750457},"email":"lucrețiu83@example.com","password":"Jebeleanu83&","credit_card":{"expiration":"10\/18","number":"7189-7521-7702-8658","pin":7345,"security":299},"photo":"assets\/images\/avatars\/male\/18.jpg"},{"name":"Ľudomila","surname":"Ďuriš","gender":"female","region":"Slovakia","age":30,"title":"ms","phone":"(870) 623 9144","birthday":{"dmy":"17\/10\/1987","mdy":"10\/17\/1987","raw":561525537},"email":"Ľudomila87@example.com","password":"Ďuriš87={","credit_card":{"expiration":"4\/18","number":"2561-3539-5542-3723","pin":8530,"security":879},"photo":"assets\/images\/avatars\/female\/27.jpg"},{"name":"Júlia","surname":"Hruška","gender":"male","region":"Slovakia","age":28,"title":"mr","phone":"(390) 444 2014","birthday":{"dmy":"01\/01\/1989","mdy":"01\/01\/1989","raw":599677901},"email":"júlia89@example.com","password":"Hruška89=@","credit_card":{"expiration":"10\/24","number":"8168-8654-3412-7393","pin":1004,"security":378},"photo":"assets\/images\/avatars\/male\/13.jpg"},{"name":"","surname":"Luz María Mata","gender":"female","region":"Mexico","age":32,"title":"ms","phone":"(704) 572 4754","birthday":{"dmy":"02\/06\/1985","mdy":"06\/02\/1985","raw":486573017},"email":"85@example.com","password":"LuzMaríaMata85}~","credit_card":{"expiration":"7\/23","number":"2781-9425-1757-9485","pin":9806,"security":712},"photo":"assets\/images\/avatars\/female\/16.jpg"},{"name":"Júlia","surname":"Mlynárik","gender":"male","region":"Slovakia","age":28,"title":"mr","phone":"(376) 393 1460","birthday":{"dmy":"01\/03\/1989","mdy":"03\/01\/1989","raw":604817336},"email":"júlia-89@example.com","password":"Mlynárik89@{","credit_card":{"expiration":"1\/18","number":"6441-1634-2585-7337","pin":5804,"security":949},"photo":"assets\/images\/avatars\/male\/40.jpg"},{"name":"Bram","surname":"Laurent","gender":"male","region":"Belgium","age":28,"title":"mr","phone":"(473) 253 5522","birthday":{"dmy":"20\/04\/1989","mdy":"04\/20\/1989","raw":609086028},"email":"bram.laurent@example.com","password":"Laurent89(#","credit_card":{"expiration":"4\/21","number":"8059-2728-6642-8338","pin":8736,"security":632},"photo":"assets\/images\/avatars\/male\/1.jpg"},{"name":"Marian","surname":"Bunea","gender":"male","region":"Romania","age":35,"title":"mr","phone":"(974) 723 3123","birthday":{"dmy":"05\/12\/1982","mdy":"12\/05\/1982","raw":407982161},"email":"marian.bunea@example.com","password":"Bunea82(","credit_card":{"expiration":"10\/19","number":"2835-9202-2650-5262","pin":5913,"security":514},"photo":"assets\/images\/avatars\/male\/26.jpg"},{"name":"Blake","surname":"White","gender":"male","region":"New Zealand","age":35,"title":"mr","phone":"(180) 598 3065","birthday":{"dmy":"01\/06\/1982","mdy":"06\/01\/1982","raw":391798853},"email":"blake_white@example.com","password":"White82%","credit_card":{"expiration":"3\/19","number":"8358-3096-7292-6006","pin":7580,"security":356},"photo":"assets\/images\/avatars\/male\/30.jpg"},{"name":"Julia","surname":"Clark","gender":"female","region":"United States","age":28,"title":"mrs","phone":"(645) 161 7984","birthday":{"dmy":"28\/12\/1989","mdy":"12\/28\/1989","raw":630829958},"email":"juliaclark@example.com","password":"Clark89^","credit_card":{"expiration":"10\/25","number":"7071-9572-1893-2946","pin":8946,"security":121},"photo":"assets\/images\/avatars\/female\/25.jpg"}]
