[{"flight_number":51,"launch_year":"2017","launch_date_unix":1510966800,"launch_date_utc":"2017-11-18T01:00:00Z","launch_date_local":"2017-11-17T20:00:00-04:00","rocket":{"rocket_id":"falcon9","rocket_name":"Falcon 9","rocket_type":"FT"},"telemetry":{"flight_club":null},"core_serial":"B1043","cap_serial":null,"reuse":{"core":false,"side_core1":false,"side_core2":false,"fairings":false,"capsule":false},"launch_site":{"site_id":"ksc_lc_39a","site_name":"KSC LC 39A","site_name_long":"Kennedy Space Center Historic Launch Complex 39A"},"payloads":[{"payload_id":"ZUMA","customers":["Northrop Grumman"],"payload_type":"Satellite","payload_mass_kg":null,"payload_mass_lbs":null,"orbit":"LEO"}],"launch_success":null,"reused":false,"land_success":null,"landing_type":"RTLS","landing_vehicle":"LZ-1","links":{"mission_patch":null,"reddit_campaign":"https://www.reddit.com/r/spacex/comments/7895bo/zuma_launch_campaign_thread/","reddit_launch":null,"reddit_recovery":null,"reddit_media":null,"presskit":null,"article_link":null,"video_link":null},"details":null},{"flight_number":52,"launch_year":"2017","launch_date_unix":1512417120,"launch_date_utc":"2017-12-04T19:52:00Z","launch_date_local":"2017-12-04T15:52:00-04:00","rocket":{"rocket_id":"falcon9","rocket_name":"Falcon 9","rocket_type":"FT"},"telemetry":{"flight_club":null},"core_serial":"B1035","cap_serial":"C108","reuse":{"core":true,"side_core1":false,"side_core2":false,"fairings":false,"capsule":true},"launch_site":{"site_id":"ccafs_slc_40","site_name":"CCAFS SLC 40","site_name_long":"Cape Canaveral Air Force Station Space Launch Complex 40"},"payloads":[{"payload_id":"SpaceX CRS-13","customers":["NASA (CRS)"],"payload_type":"Dragon 1.1","payload_mass_kg":3310,"payload_mass_lbs":7297.301,"orbit":"ISS"}],"launch_success":null,"reused":true,"land_success":null,"landing_type":"RTLS","landing_vehicle":"LZ-1","links":{"mission_patch":null,"reddit_campaign":"https://www.reddit.com/r/spacex/comments/7bxg5a/crs13_launch_campaign_thread/","reddit_launch":null,"reddit_recovery":null,"reddit_media":null,"presskit":null,"article_link":null,"video_link":null},"details":null},{"flight_number":53,"launch_year":"2017","launch_date_unix":1513992360,"launch_date_utc":"2017-12-23T01:26:00Z","launch_date_local":"2017-12-23T17:26:00-07:00","rocket":{"rocket_id":"falcon9","rocket_name":"Falcon 9","rocket_type":"FT"},"telemetry":{"flight_club":null},"core_serial":"B1036","cap_serial":null,"reuse":{"core":true,"side_core1":false,"side_core2":false,"fairings":false,"capsule":false},"launch_site":{"site_id":"vafb_slc_4e","site_name":"VAFB SLC 4E","site_name_long":"Vandenberg Air Force Base Space Launch Complex 4E"},"payloads":[{"payload_id":"Iridium NEXT 4","customers":["Iridium Communications"],"payload_type":"Satellite","payload_mass_kg":9600,"payload_mass_lbs":21164.38,"orbit":"LEO"}],"launch_success":null,"reused":true,"land_success":null,"landing_type":"ASDS","landing_vehicle":"JRTI","links":{"mission_patch":null,"reddit_campaign":"https://www.reddit.com/r/spacex/comments/7cgts7/iridium_next_constellation_mission_4_launch/","reddit_launch":null,"reddit_recovery":null,"reddit_media":null,"presskit":null,"article_link":null,"video_link":null},"details":null}]